{
	"Unamrked Theme": {
		"Subject": {
			"Nominal Group": {
				"<PH> (Pronoun as Head)": {
					"Contains": "<PRP>|<EX>",
					"Followed by": "<VB>|<VBD>"
				},
				"<NP> (Noun Phrase)": {
					"Contains": "(<DT>?<JJ>*<NN>|<NNS>|<NNP>|<NNPS>)|(<NN>|<NNS>|<NNP>+|<NNPS>)|<PRP>|(<PRP$> <NN>|<NNS>)|<DT>",
					"Followed By": "<VB>|<VBD>|<VBZ>|<VBP>"
				},
				"<NCH> (Nominalized Clause as Head)": {
					"Contains": "<WP><PRP>(<VB>|<VBD>)",
					"Followed By": "<VBZ>"
				}
			}
		}
	},
	"Marked Theme": {
		"Adjunct": {
			"<ADVP> (Adverbial Group)": {
				"Contains": "(<NP>?(<RB>|<RBR>)<NP>?)|(<CC> <RB>)",
				"Followed By": "<PRP>"
			},
			"<PP> (Prepositional Phrase)": {
				"Contains": "<IN><DT>?"
			},
			"<CONJP> (Conjunction Phrase)": {
				"Contains": "<CC>",
				"Followed By": "<PRP>|<PP>|<IN>"
			},
			"<NP> (Noun Phrase)": {
				"Contains": "<NNP>(<CC> <NNP>)?",
				"Followed By": ","
			}
		}
	}
}
